"Date","Price","Open","High","Low","Vol.","Change %"
"01/01/2023","354.00","370.20","370.20","349.00","","-5.27%"
"12/01/2022","373.70","430.00","436.40","362.40","6.67K","-12.97%"
"11/01/2022","429.40","460.10","469.00","416.50","3.05K","-6.98%"
"10/01/2022","461.60","437.70","550.00","421.20","6.90K","9.25%"
"09/01/2022","422.50","514.40","567.00","402.80","4.87K","-16.99%"
"08/01/2022","509.00","529.80","635.60","470.60","6.84K","-3.43%"
"07/01/2022","527.10","660.00","682.60","523.10","3.02K","-20.53%"
"06/01/2022","663.30","644.80","670.00","517.00","5.03K","1.50%"
"05/01/2022","653.50","1,033.90","1,054.00","636.30","3.11K","-37.15%"
"04/01/2022","1,039.70","955.20","1,062.80","829.30","3.90K","7.71%"
"03/01/2022","965.30","1,349.00","1,477.40","945.00","3.14K","-27.78%"
"02/01/2022","1,336.70","962.80","1,341.00","900.90","4.12K","36.41%"
"01/01/2022","979.90","1,131.00","1,311.50","963.70","3.43K","-14.64%"
"12/01/2021","1,147.90","854.60","1,172.10","854.60","4.78K","39.22%"
"11/01/2021","824.50","595.20","831.80","530.10","3.57K","39.37%"
"10/01/2021","591.60","637.10","789.60","588.50","4.63K","-5.72%"
"09/01/2021","627.50","482.10","659.70","454.40","2.95K","29.97%"
"08/01/2021","482.80","623.10","650.00","448.00","4.93K","-22.28%"
"07/01/2021","621.20","716.00","825.60","490.00","4.45K","-13.24%"
"06/01/2021","716.00","1,315.00","1,380.00","705.00","7.52K","-45.32%"
"05/01/2021","1,309.50","1,520.60","1,711.20","1,201.00","4.36K","-12.73%"
"04/01/2021","1,500.50","1,012.60","1,502.30","1,006.00","4.92K","48.70%"
"03/01/2021","1,009.10","1,000.00","1,045.00","826.30","3.63K","1.36%"
"02/01/2021","995.60","887.00","1,030.40","842.90","4.34K","12.24%"
"01/01/2021","887.00","873.10","912.20","651.40","2.99K","1.59%"
"12/01/2020","873.10","641.20","900.50","633.00","5.89K","37.11%"
"11/01/2020","636.80","498.50","648.00","495.00","2.76K","28.49%"
"10/01/2020","495.60","620.20","629.50","490.80","4.92K","-19.05%"
"09/01/2020","612.20","931.00","1,000.00","549.60","3.91K","-34.03%"
"08/01/2020","928.00","595.00","934.50","584.10","11.84K","58.42%"
"07/01/2020","585.80","439.00","600.00","435.10","6.01K","34.45%"
"06/01/2020","435.70","362.30","447.70","346.30","5.76K","18.69%"
"05/01/2020","367.10","320.00","378.50","320.00","2.78K","14.83%"
"04/01/2020","319.70","271.10","344.70","251.50","3.95K","14.79%"
"03/01/2020","278.50","402.90","420.50","278.50","3.79K","-30.27%"
"02/01/2020","399.40","434.30","468.30","394.00","9.76K","-8.29%"
"01/01/2020","435.50","404.00","444.40","387.30","5.03K","7.45%"
"12/01/2019","405.30","410.00","421.10","388.60","6.53K","-2.71%"
"11/01/2019","416.60","397.30","427.70","369.00","4.98K","5.15%"
"10/01/2019","396.20","367.00","409.40","357.50","8.06K","7.93%"
"09/01/2019","367.10","375.00","399.50","355.10","4.61K","-1.98%"
"08/01/2019","374.50","342.40","385.00","340.50","8.20K","8.90%"
"07/01/2019","343.90","383.40","411.60","325.90","6.02K","-9.24%"
"06/01/2019","378.90","302.70","413.60","296.30","9.79K","24.03%"
"05/01/2019","305.50","336.40","356.00","286.10","6.51K","-10.46%"
"04/01/2019","341.20","359.00","367.70","308.00","9.05K","-5.27%"
"03/01/2019","360.20","380.00","406.70","357.70","4.40K","-6.59%"
"02/01/2019","385.60","418.80","444.90","383.00","8.00K","-7.35%"
"01/01/2019","416.20","331.50","428.00","321.30","7.32K","25.17%"
"12/01/2018","332.50","337.20","340.30","315.20","6.61K","2.66%"
"11/01/2018","323.90","320.50","371.00","304.70","5.35K","3.98%"
"10/01/2018","311.50","343.10","372.00","299.90","10.47K","-9.55%"
"09/01/2018","344.40","435.50","455.20","330.60","6.68K","-21.30%"
"08/01/2018","437.60","455.40","486.80","404.00","10.55K","-3.91%"
"07/01/2018","455.40","577.40","588.00","440.00","8.15K","-20.01%"
"06/01/2018","569.30","604.80","606.10","510.20","13.27K","-4.66%"
"05/01/2018","597.10","577.20","659.00","577.20","9.80K","3.45%"
"04/01/2018","577.20","518.00","580.00","512.00","12.84K","11.93%"
"03/01/2018","515.70","516.60","530.00","480.70","7.17K","-0.17%"
"02/01/2018","516.60","474.20","532.60","472.90","11.83K","9.70%"
"01/01/2018","470.90","449.00","501.40","449.00","8.00K","5.11%"
"12/01/2017","448.00","432.30","455.40","417.20","10.50K","4.75%"
"11/01/2017","427.70","463.90","500.00","411.20","8.13K","-6.70%"
"10/01/2017","458.40","402.20","458.40","402.20","11.12K","13.97%"
"09/01/2017","402.20","387.40","411.70","373.60","7.13K","4.28%"
"08/01/2017","385.70","379.60","388.10","360.40","9.44K","1.96%"
"07/01/2017","378.30","365.60","403.00","359.60","6.83K","3.39%"
"06/01/2017","365.90","351.00","372.60","349.90","8.68K","6.03%"
"05/01/2017","345.10","382.00","393.30","340.30","6.93K","-9.14%"
"04/01/2017","379.80","376.90","414.60","369.80","10.29K","-0.42%"
"03/01/2017","381.40","364.00","383.90","340.20","5.96K","4.09%"
"02/01/2017","366.40","332.00","381.70","332.00","10.50K","11.03%"
"01/01/2017","330.00","315.00","339.00","303.10","6.19K","4.23%"
"12/01/2016","316.60","330.80","338.30","303.10","6.93K","-4.00%"
"11/01/2016","329.80","296.50","344.40","286.90","6.26K","10.60%"
"10/01/2016","298.20","336.70","345.70","296.90","9.31K","-11.36%"
"09/01/2016","336.40","313.40","340.10","297.00","6.58K","7.58%"
"08/01/2016","312.70","318.00","336.70","311.20","9.90K","-1.79%"
"07/01/2016","318.40","308.70","338.70","306.30","4.47K","4.77%"
"06/01/2016","303.90","300.60","311.30","291.20","10.21K","0.16%"
"05/01/2016","303.40","296.80","328.30","284.10","5.54K","2.64%"
"04/01/2016","295.60","306.40","307.50","274.30","9.39K","-4.86%"
"03/01/2016","310.70","254.90","319.00","252.00","7.53K","22.32%"
"02/01/2016","254.00","241.90","266.80","238.70","8.62K","5.66%"
"01/01/2016","240.40","256.20","259.40","232.50","6.04K","-6.68%"
"12/01/2015","257.60","246.80","271.50","240.60","8.80K","4.80%"
"11/01/2015","245.80","253.70","258.70","237.00","5.25K","-3.11%"
"10/01/2015","253.70","226.30","265.00","218.50","11.58K","10.69%"
"09/01/2015","229.20","233.00","255.00","214.40","7.40K","-2.13%"
"08/01/2015","234.20","252.50","264.50","231.80","10.55K","-7.10%"
"07/01/2015","252.10","289.00","298.80","250.50","7.11K","-12.56%"
"06/01/2015","288.30","273.10","302.40","263.50","10.87K","5.18%"
"05/01/2015","274.10","254.00","280.60","231.90","7.96K","6.94%"
"04/01/2015","256.30","277.90","278.90","241.90","11.72K","-7.87%"
"03/01/2015","278.20","296.70","300.00","259.00","6.39K","-6.39%"
"02/01/2015","297.20","322.10","323.80","287.20","8.50K","-7.64%"
"01/01/2015","321.80","331.00","333.50","302.60","6.67K","-2.81%"
"12/01/2014","331.10","326.60","342.30","326.00","7.56K","1.04%"
"11/01/2014","327.70","327.90","336.90","315.30","4.11K","1.46%"
"10/01/2014","323.00","334.00","353.00","319.00","8.57K","-2.97%"
"09/01/2014","332.90","348.80","353.00","325.00","6.23K","-4.45%"
"08/01/2014","348.40","325.30","356.50","323.60","8.44K","7.40%"
"07/01/2014","324.40","334.90","348.00","320.00","5.18K","-3.19%"
"06/01/2014","335.10","312.30","340.00","295.00","8.16K","7.30%"
"05/01/2014","312.30","335.80","347.00","309.80","6.86K","-7.03%"
"04/01/2014","335.90","336.90","345.80","321.00","8.62K","0.03%"
"03/01/2014","335.80","351.00","366.90","324.50","6.48K","-4.06%"
"02/01/2014","350.00","356.60","366.10","347.90","7.16K","-1.07%"
"01/01/2014","353.80","359.90","373.00","351.00","6.73K","-1.75%"
"12/01/2013","360.10","369.00","376.70","340.70","8.43K","-1.29%"
"11/01/2013","364.80","362.50","378.50","355.00","4.70K","0.91%"
"10/01/2013","361.50","344.50","368.50","328.50","9.49K","5.06%"
"09/01/2013","344.10","320.30","363.40","320.30","9.54K","7.40%"
"08/01/2013","320.40","311.50","328.00","297.00","10.23K","3.19%"
"07/01/2013","310.50","295.30","339.00","288.30","9.49K","4.33%"
"06/01/2013","297.60","305.30","313.10","278.50","10.18K","-2.84%"
"05/01/2013","306.30","345.70","346.70","276.20","11.18K","-11.35%"
"04/01/2013","345.50","392.30","394.90","343.50","14.75K","-11.68%"
"03/01/2013","391.20","385.80","400.00","379.20","7.21K","2.87%"
"02/01/2013","380.30","358.00","400.80","358.00","14.25K","7.83%"
"01/01/2013","352.70","372.60","381.70","342.30","13.32K","-5.67%"
"12/01/2012","373.90","342.50","392.80","332.60","15.06K","9.94%"
"11/01/2012","340.10","322.80","345.80","314.00","9.92K","6.68%"
"10/01/2012","318.80","281.10","318.80","272.30","13.13K","14.27%"
"09/01/2012","279.00","288.70","290.70","267.40","8.43K","-3.16%"
"08/01/2012","288.10","281.10","317.00","279.90","14.68K","2.53%"
"07/01/2012","281.00","272.50","297.20","272.00","11.57K","2.78%"
"06/01/2012","273.40","284.70","289.50","265.50","12.87K","-2.70%"
"05/01/2012","281.00","286.00","307.00","278.00","11.37K","-1.37%"
"04/01/2012","284.90","258.20","287.20","255.70","12.59K","9.20%"
"03/01/2012","260.90","267.20","279.00","254.00","10.38K","-1.84%"
"02/01/2012","265.80","251.00","276.30","249.00","15.30K","7.09%"
"01/01/2012","248.20","249.80","254.70","234.60","7.83K","0.45%"
"12/01/2011","247.10","221.30","259.60","218.70","15.88K","13.24%"
"11/01/2011","218.20","222.90","254.00","212.10","10.91K","-2.68%"
"10/01/2011","224.20","212.20","232.40","211.20","13.08K","6.21%"
"09/01/2011","211.10","243.00","264.60","211.10","11.98K","-12.62%"
"08/01/2011","241.60","250.40","251.50","213.90","14.95K","-2.78%"
"07/01/2011","248.50","245.60","270.20","234.80","6.36K","1.47%"
"06/01/2011","244.90","246.90","252.00","213.60","13.96K","0.57%"
"05/01/2011","243.50","237.50","248.70","208.10","9.06K","2.74%"
"04/01/2011","237.00","304.60","305.70","221.10","13.64K","-21.89%"
"03/01/2011","303.40","291.10","324.90","275.00","11.38K","5.02%"
"02/01/2011","288.90","313.40","325.00","283.30","11.92K","-6.81%"
"01/01/2011","310.00","303.60","326.90","284.50","8.75K","2.65%"
"12/01/2010","302.00","251.00","316.40","246.50","10.42K","22.27%"
"11/01/2010","247.00","259.20","285.00","245.50","10.25K","-3.89%"
"10/01/2010","257.00","229.00","257.00","211.30","15.57K","13.22%"
"09/01/2010","227.00","203.10","243.50","202.70","11.12K","11.00%"
"08/01/2010","204.50","211.00","220.50","195.50","11.28K","-2.15%"
"07/01/2010","209.00","201.10","215.30","195.00","8.36K","7.18%"
"06/01/2010","195.00","232.00","235.30","175.20","11.29K","-13.53%"
"05/01/2010","225.50","292.10","292.60","221.20","9.21K","-22.64%"
"04/01/2010","291.50","287.30","327.50","285.10","15.74K","1.50%"
"03/01/2010","287.20","256.00","291.70","246.90","9.57K","11.75%"
"02/01/2010","257.00","253.00","281.90","252.10","12.41K","3.42%"
"01/01/2010","248.50","202.80","257.50","200.40","9.86K","21.22%"
"12/01/2009","205.00","250.00","255.20","202.20","16.45K","-16.73%"
"11/01/2009","246.20","187.00","246.20","182.60","9.08K","31.73%"
"10/01/2009","186.90","170.30","189.90","163.00","15.57K","10.79%"
"09/01/2009","168.70","176.00","187.00","167.00","10.83K","-4.58%"
"08/01/2009","176.80","198.50","214.00","170.30","12.92K","-9.84%"
"07/01/2009","196.10","188.50","208.40","165.30","11.70K","2.67%"
"06/01/2009","191.00","193.80","216.30","189.60","14.46K","-0.37%"
"05/01/2009","191.70","160.00","201.20","150.70","9.86K","19.07%"
"04/01/2009","161.00","172.40","189.10","159.30","12.08K","-6.01%"
"03/01/2009","171.30","144.60","179.80","138.00","10.29K","16.53%"
"02/01/2009","147.00","158.10","175.90","138.00","13.82K","-0.74%"
"01/01/2009","148.10","168.70","171.80","137.90","7.57K","-12.57%"
"12/01/2008","169.40","194.00","194.10","163.70","11.30K","-12.45%"
"11/01/2008","193.50","189.20","207.40","182.80","8.68K","2.60%"
"10/01/2008","188.60","202.00","203.50","176.20","15.34K","-7.32%"
"09/01/2008","203.50","254.50","256.70","201.50","13.18K","-19.25%"
"08/01/2008","252.00","258.00","270.30","250.20","18.58K","-0.40%"
"07/01/2008","253.00","241.90","259.80","238.00","17.32K","4.55%"
"06/01/2008","242.00","246.30","253.00","238.60","18.26K","-1.75%"
"05/01/2008","246.30","210.50","257.50","209.10","16.14K","17.12%"
"04/01/2008","210.30","221.00","246.50","208.30","20.72K","-5.31%"
"03/01/2008","222.10","217.80","232.20","185.70","16.13K","1.32%"
"02/01/2008","219.20","216.00","237.30","211.80","19.02K","1.29%"
"01/01/2008","216.40","233.90","235.20","195.00","14.50K","-7.72%"
"12/01/2007","234.50","255.80","255.80","233.50","14.36K","-7.82%"
"11/01/2007","254.40","231.00","269.10","224.00","12.20K","11.33%"
"10/01/2007","228.50","253.00","253.00","223.50","14.41K","-8.12%"
"09/01/2007","248.70","255.30","257.00","231.50","11.79K","-4.71%"
"08/01/2007","261.00","279.60","286.50","255.00","14.95K","-6.62%"
"07/01/2007","279.50","280.00","312.30","272.70","12.16K","-0.11%"
"06/01/2007","279.80","283.00","302.30","271.20","13.95K","0.72%"
"05/01/2007","277.80","231.70","293.00","227.00","15.85K","19.64%"
"04/01/2007","232.20","242.00","259.30","231.80","13.19K","-3.45%"
"03/01/2007","240.50","258.20","262.00","240.10","15.06K","-8.00%"
"02/01/2007","261.40","270.00","282.90","257.60","11.78K","-3.61%"
"01/01/2007","271.20","269.50","296.60","255.60","6.49K","1.19%"
"12/01/2006","268.00","265.90","272.10","251.50","12.15K","0.53%"
"11/01/2006","266.60","243.00","279.00","231.30","10.22K","9.31%"
"10/01/2006","243.90","242.20","264.00","232.20","13.33K","1.37%"
"09/01/2006","240.60","288.50","288.50","240.10","10.56K","-16.60%"
"08/01/2006","288.50","273.00","293.50","261.60","10.79K","5.68%"
"07/01/2006","273.00","295.00","304.80","268.50","9.38K","-7.30%"
"06/01/2006","294.50","301.60","309.80","286.10","11.98K","-2.26%"
"05/01/2006","301.30","344.20","347.60","299.40","9.58K","-12.59%"
"04/01/2006","344.70","333.00","348.40","316.50","10.74K","6.09%"
"03/01/2006","324.90","333.50","344.60","320.90","9.13K","-1.69%"
"02/01/2006","330.50","356.60","371.30","329.50","11.61K","-7.11%"
"01/01/2006","355.80","363.90","376.40","353.20","12.27K","-0.89%"
"12/01/2005","359.00","336.50","366.50","318.80","9.18K","9.95%"
"11/01/2005","326.50","306.00","355.30","297.20","9.95K","5.15%"
"10/01/2005","310.50","305.90","311.00","278.70","10.44K","1.84%"
"09/01/2005","304.90","309.00","342.00","283.10","10.73K","2.66%"
"08/01/2005","297.00","301.00","305.00","267.00","10.61K","-1.95%"
"07/01/2005","302.90","325.30","355.80","302.90","8.57K","-6.89%"
"06/01/2005","325.30","373.00","373.60","318.50","10.92K","-11.96%"
"05/01/2005","369.50","355.80","373.10","331.20","8.68K","3.68%"
"04/01/2005","356.40","402.80","402.90","341.00","13.46K","-11.06%"
"03/01/2005","400.70","418.50","418.50","388.60","11.39K","-4.25%"
"02/01/2005","418.50","386.00","418.50","381.00","12.21K","8.90%"
"01/01/2005","384.30","362.00","388.30","344.00","10.84K","7.83%"
"12/01/2004","356.40","340.00","363.30","319.00","12.65K","5.10%"
"11/01/2004","339.10","316.50","343.50","290.10","8.66K","6.13%"
"10/01/2004","319.50","340.00","342.40","286.70","10.72K","-4.97%"
"09/01/2004","336.20","439.00","461.00","328.40","12.72K","-23.68%"
"08/01/2004","440.50","423.00","458.70","401.50","12.58K","4.31%"
"07/01/2004","422.30","380.00","450.00","375.30","10.76K","12.16%"
"06/01/2004","376.50","406.00","410.00","373.50","10.73K","-7.15%"
"05/01/2004","405.50","436.00","464.00","387.10","10.06K","-6.61%"
"04/01/2004","434.20","383.50","435.10","383.50","14.18K","13.93%"
"03/01/2004","381.10","389.00","394.00","348.50","11.04K","-1.01%"
"02/01/2004","385.00","332.00","400.00","328.60","10.23K","15.62%"
"01/01/2004","333.00","316.20","365.00","314.00","7.33K","6.53%"
"12/01/2003","312.60","315.00","316.30","277.00","6.73K","-0.57%"
"11/01/2003","314.40","281.70","321.00","265.30","5.78K","12.37%"
"10/01/2003","279.80","308.00","314.30","264.10","12.25K","-9.60%"
"09/01/2003","309.50","351.00","370.40","289.50","10.35K","-11.44%"
"08/01/2003","349.50","282.00","352.80","281.00","13.87K","25.04%"
"07/01/2003","279.50","285.00","294.00","255.50","11.60K","-2.10%"
"06/01/2003","285.50","260.00","313.50","254.70","14.48K","12.62%"
"05/01/2003","253.50","234.80","256.80","213.50","11.35K","8.57%"
"04/01/2003","233.50","232.90","252.40","231.50","8.05K","1.26%"
"03/01/2003","230.60","231.00","253.00","222.30","8.47K","-0.86%"
"02/01/2003","232.60","272.00","287.60","228.30","11.56K","-14.99%"
"01/01/2003","273.60","219.00","276.00","215.60","11.80K","25.68%"
"12/01/2002","217.70","241.00","247.00","212.00","9.32K","-7.95%"
"11/01/2002","236.50","219.90","239.30","200.50","7.32K","6.15%"
"10/01/2002","222.80","217.50","238.80","215.60","8.50K","1.92%"
"09/01/2002","218.60","226.50","234.30","213.70","7.48K","-4.25%"
"08/01/2002","228.30","268.10","268.10","227.90","6.45K","-11.55%"
"07/01/2002","258.10","288.40","288.50","245.70","7.04K","-10.23%"
"06/01/2002","287.50","282.00","288.50","256.30","8.10K","2.31%"
"05/01/2002","281.00","285.50","309.30","268.50","5.84K","-1.85%"
"04/01/2002","286.30","294.00","307.50","267.10","7.97K","-3.01%"
"03/01/2002","295.20","310.00","329.80","289.90","7.82K","-5.08%"
"02/01/2002","311.00","268.00","311.50","260.50","7.59K","15.74%"
"01/01/2002","268.70","246.00","298.00","232.50","8.16K","9.63%"
"12/01/2001","245.10","221.00","272.00","215.90","7.74K","9.96%"
"11/01/2001","222.90","229.80","240.50","217.60","5.87K","-0.93%"
"10/01/2001","225.00","241.30","252.00","213.80","6.85K","-7.22%"
"09/01/2001","242.50","316.00","327.00","238.70","6.91K","-23.84%"
"08/01/2001","318.40","319.00","341.50","299.10","9.85K","1.37%"
"07/01/2001","314.10","289.00","316.00","266.00","7.08K","7.09%"
"06/01/2001","293.30","326.00","345.00","286.00","10.85K","-8.26%"
"05/01/2001","319.70","289.50","376.00","286.00","10.73K","10.85%"
"04/01/2001","288.40","233.00","292.80","226.50","13.43K","25.12%"
"03/01/2001","230.50","200.00","250.10","198.00","12.28K","14.00%"
"02/01/2001","202.20","226.00","229.20","191.30","9.00K","-9.89%"
"01/01/2001","224.40","208.00","227.90","180.40","10.75K","9.20%"
"12/01/2000","205.50","233.30","237.90","202.10","8.61K","-12.48%"
"11/01/2000","234.80","207.90","249.70","204.30","8.67K","13.32%"
"10/01/2000","207.20","231.50","234.00","202.20","10.16K","-9.95%"
"09/01/2000","230.10","222.00","250.30","212.10","8.66K","3.74%"
"08/01/2000","221.80","248.10","249.80","213.20","9.18K","-11.28%"
"07/01/2000","250.00","263.00","267.00","235.00","8.72K","-9.26%"
"06/01/2000","275.50","295.90","308.30","268.00","10.79K","-7.24%"
"05/01/2000","297.00","301.00","303.00","272.60","10.63K","-0.83%"
"04/01/2000","299.50","326.00","329.50","292.20","10.78K","-7.76%"
"03/01/2000","324.70","335.00","342.80","317.00","11.24K","-1.67%"
"02/01/2000","330.20","345.50","360.50","329.50","13.10K","-4.73%"
"01/01/2000","346.60","352.00","359.80","323.20","10.30K","-0.69%"
"12/01/1999","349.00","354.00","354.00","324.60","10.61K","-0.80%"
"11/01/1999","351.80","320.30","360.50","317.20","10.44K","9.87%"
"10/01/1999","320.20","302.00","325.50","285.60","10.58K","6.38%"
"09/01/1999","301.00","343.30","355.60","291.00","12.38K","-12.07%"
"08/01/1999","342.30","382.90","382.90","338.10","15.38K","-8.21%"
"07/01/1999","372.90","404.00","440.80","358.00","15.98K","-7.61%"
"06/01/1999","403.60","349.00","419.70","346.00","17.13K","15.58%"
"05/01/1999","349.20","344.60","364.80","336.00","11.20K","1.54%"
"04/01/1999","343.90","337.50","352.10","314.30","13.79K","1.90%"
"03/01/1999","337.50","337.00","346.00","315.00","12.55K","0.93%"
"02/01/1999","334.40","343.00","343.00","323.00","13.76K","-2.65%"
"01/01/1999","343.50","303.00","366.00","299.90","12.85K","12.40%"
"12/01/1998","305.60","289.20","315.00","288.70","10.60K","5.20%"
"11/01/1998","290.50","261.80","340.00","260.70","11.05K","11.43%"
"10/01/1998","260.70","253.00","276.50","253.00","12.32K","1.92%"
"09/01/1998","255.80","284.00","294.00","255.50","9.26K","-11.15%"
"08/01/1998","287.90","304.00","316.00","287.90","13.45K","-4.45%"
"07/01/1998","301.30","293.00","303.50","265.00","11.00K","2.69%"
"06/01/1998","293.40","264.00","300.00","260.80","15.22K","7.71%"
"05/01/1998","272.40","298.00","307.80","271.60","9.32K","-8.90%"
"04/01/1998","299.00","314.00","345.40","294.00","14.75K","-6.27%"
"03/01/1998","319.00","297.30","325.40","280.60","10.38K","8.06%"
"02/01/1998","295.20","307.00","325.70","290.00","12.41K","-3.43%"
"01/01/1998","305.70","285.50","311.00","273.80","10.12K","8.06%"
"12/01/1997","282.90","327.40","328.80","280.60","12.47K","-12.95%"
"11/01/1997","325.00","299.00","330.00","291.00","7.37K","9.69%"
"10/01/1997","296.30","296.00","328.40","295.00","15.02K","-0.10%"
"09/01/1997","296.60","356.70","364.40","290.50","11.07K","-16.85%"
"08/01/1997","356.70","342.00","365.90","341.10","12.93K","3.78%"
"07/01/1997","343.70","380.60","380.90","332.00","11.13K","-9.07%"
"06/01/1997","378.00","387.50","393.10","347.10","16.32K","-0.66%"
"05/01/1997","380.50","401.90","404.40","370.10","9.75K","-5.61%"
"04/01/1997","403.10","378.00","417.50","376.50","16.32K","5.94%"
"03/01/1997","380.50","386.00","389.70","355.00","9.73K","-0.78%"
"02/01/1997","383.50","408.50","421.50","382.10","13.41K","-6.78%"
"01/01/1997","411.40","426.00","450.50","395.00","14.90K","-3.13%"
"12/01/1996","424.70","397.00","424.70","377.00","14.67K","8.29%"
"11/01/1996","392.20","430.00","488.00","368.00","12.08K","-7.06%"
"10/01/1996","422.00","329.00","424.60","328.40","18.15K","28.11%"
"09/01/1996","329.40","411.00","437.10","329.40","16.80K","-20.47%"
"08/01/1996","414.20","345.00","415.50","342.50","17.84K","19.81%"
"07/01/1996","345.70","335.00","362.60","324.10","10.62K","5.88%"
"06/01/1996","326.50","370.00","371.50","309.80","17.80K","-11.28%"
"05/01/1996","368.00","350.60","381.50","333.20","13.99K","4.96%"
"04/01/1996","350.60","304.00","351.60","290.10","13.85K","15.94%"
"03/01/1996","302.40","280.00","322.20","273.80","10.21K","8.00%"
"02/01/1996","280.00","305.50","321.80","275.70","8.26K","-8.94%"
"01/01/1996","307.50","270.00","318.20","243.70","10.29K","13.26%"
"12/01/1995","271.50","273.90","288.20","264.00","8.91K","-0.84%"
"11/01/1995","273.80","251.00","277.00","240.00","7.42K","8.78%"
"10/01/1995","251.70","273.00","286.00","231.00","10.87K","-8.17%"
"09/01/1995","274.10","285.50","305.80","267.70","7.83K","-4.73%"
"08/01/1995","287.70","258.00","292.00","250.80","9.87K","12.51%"
"07/01/1995","255.70","254.50","288.00","242.10","6.28K","-0.89%"
"06/01/1995","258.00","237.60","263.00","209.60","10.26K","6.88%"
"05/01/1995","241.40","255.50","264.90","227.10","7.47K","-5.11%"
"04/01/1995","254.40","267.00","280.00","253.10","6.91K","-5.25%"
"03/01/1995","268.50","294.00","302.00","267.30","6.86K","-10.83%"
"02/01/1995","301.10","308.50","337.90","301.10","7.90K","-2.59%"
"01/01/1995","309.10","318.00","324.00","291.60","6.26K","-1.31%"
"12/01/1994","313.20","339.90","343.00","287.00","7.34K","-7.34%"
"11/01/1994","338.00","325.00","356.00","304.00","5.08K","3.68%"
"10/01/1994","326.00","297.00","332.30","278.00","7.42K","8.74%"
"09/01/1994","299.80","351.00","354.00","279.00","6.01K","-13.10%"
"08/01/1994","345.00","340.50","370.90","329.70","7.96K","1.32%"
"07/01/1994","340.50","345.50","383.00","332.10","4.86K","-0.79%"
"06/01/1994","343.20","395.60","397.00","333.00","7.75K","-13.70%"
"05/01/1994","397.70","336.50","402.50","328.00","7.06K","19.61%"
"04/01/1994","332.50","377.10","380.60","296.10","8.83K","-12.64%"
"03/01/1994","380.60","430.50","439.50","375.20","6.71K","-11.45%"
"02/01/1994","429.80","381.50","453.00","381.50","8.08K","12.07%"
"01/01/1994","383.50","477.00","477.00","382.50","7.54K","-19.94%"
"12/01/1993","479.00","426.00","488.00","415.00","8.79K","11.97%"
"11/01/1993","427.80","364.50","445.00","359.90","7.78K","17.30%"
"10/01/1993","364.70","315.00","364.70","294.50","7.59K","16.15%"
"09/01/1993","314.00","291.00","343.70","282.00","5.39K","7.72%"
"08/01/1993","291.50","287.80","315.60","256.90","5.95K","3.19%"
"07/01/1993","282.50","241.00","296.00","226.00","5.73K","22.56%"
"06/01/1993","230.50","267.50","289.80","223.00","8.05K","-13.35%"
"05/01/1993","266.00","327.50","332.90","234.00","5.10K","-18.85%"
"04/01/1993","327.80","389.00","396.50","314.80","5.52K","-17.84%"
"03/01/1993","399.00","441.00","493.50","399.00","5.48K","-9.48%"
"02/01/1993","440.80","308.50","447.70","308.50","4.37K","45.24%"
"01/01/1993","303.50","284.70","328.40","276.30","4.97K","6.83%"
"12/01/1992","284.10","252.00","284.70","238.00","7.86K","12.87%"
"11/01/1992","251.70","227.50","251.70","225.90","4.62K","10.25%"
"10/01/1992","228.30","213.00","229.80","210.50","6.20K","7.18%"
"09/01/1992","213.00","246.80","255.30","211.70","5.45K","-12.78%"
"08/01/1992","244.20","213.80","244.20","213.10","7.84K","14.17%"
"07/01/1992","213.90","238.50","238.60","207.60","6.14K","-10.73%"
"06/01/1992","239.60","229.00","249.60","227.20","8.68K","4.54%"
"05/01/1992","229.20","236.40","249.50","222.30","5.28K","-3.05%"
"04/01/1992","236.40","243.60","248.50","234.40","7.74K","-3.27%"
"03/01/1992","244.40","236.80","275.00","235.10","7.49K","2.95%"
"02/01/1992","237.40","243.50","249.20","228.40","7.87K","-2.94%"
"01/01/1992","244.60","203.60","245.60","203.50","7.04K","20.20%"
"12/01/1991","203.50","209.50","211.40","194.20","5.04K","-3.10%"
"11/01/1991","210.00","200.50","213.20","192.80","4.14K","5.16%"
"10/01/1991","199.70","194.80","209.00","187.20","7.29K","2.62%"
"09/01/1991","194.60","194.00","202.00","184.00","6.00K","-0.26%"
"08/01/1991","195.10","200.90","203.80","185.40","8.14K","-3.56%"
"07/01/1991","202.30","234.60","235.50","195.40","9.09K","-13.77%"
"06/01/1991","234.60","228.60","248.30","222.00","9.36K","2.40%"
"05/01/1991","229.10","185.80","231.40","180.00","6.50K","22.91%"
"04/01/1991","186.40","185.50","194.20","185.20","6.51K","0.87%"
"03/01/1991","184.80","170.00","189.80","167.60","3.98K","8.45%"
"02/01/1991","170.40","161.50","174.70","160.40","6.51K","5.06%"
"01/01/1991","162.20","172.50","173.80","157.00","4.33K","-6.41%"
"12/01/1990","173.30","152.80","175.50","152.80","5.88K","13.19%"
"11/01/1990","153.10","182.00","182.50","151.60","6.45K","-15.69%"
"10/01/1990","181.60","186.40","187.60","177.00","5.97K","-2.10%"
"09/01/1990","185.50","197.50","199.00","183.60","4.41K","-5.84%"
"08/01/1990","197.00","194.20","197.50","187.10","7.54K","1.29%"
"07/01/1990","194.50","204.70","204.70","186.50","7.48K","-5.40%"
"06/01/1990","205.60","203.50","207.70","201.60","8.15K","1.18%"
"05/01/1990","203.20","194.50","204.50","193.70","6.35K","4.90%"
"04/01/1990","193.70","197.50","199.90","191.20","8.63K","-2.27%"
"03/01/1990","198.20","198.00","198.50","188.00","6.90K","-0.10%"
"02/01/1990","198.40","203.00","210.70","195.20","10.58K","-1.93%"
"01/01/1990","202.30","189.90","208.90","187.50","11.49K","6.53%"
"12/01/1989","189.90","187.10","191.70","186.50","6.22K","1.28%"
"11/01/1989","187.50","181.00","188.10","180.50","5.40K","3.31%"
"10/01/1989","181.50","185.70","187.60","181.00","7.87K","-2.26%"
"09/01/1989","185.70","185.10","189.20","182.50","5.74K","0.49%"
"08/01/1989","184.80","190.60","191.20","181.80","8.86K","-2.69%"
"07/01/1989","189.90","181.20","193.50","180.20","7.81K","5.15%"
"06/01/1989","180.60","180.60","186.10","179.60","12.18K","-0.28%"
"05/01/1989","181.10","172.70","182.00","171.90","10.16K","3.78%"
"04/01/1989","174.50","183.20","188.20","170.30","14.17K","-4.90%"
"03/01/1989","183.50","181.30","184.60","171.10","7.00K","1.21%"
"02/01/1989","181.30","185.40","190.20","180.40","10.67K","-2.11%"
"01/01/1989","185.20","180.50","192.20","177.70","12.29K","2.21%"
"12/01/1988","181.20","175.90","183.20","173.60","9.74K","3.60%"
"11/01/1988","174.90","177.60","181.90","168.50","10.76K","-1.30%"
"10/01/1988","177.20","174.20","180.50","172.60","11.36K","1.66%"
"09/01/1988","174.30","178.30","183.40","170.00","11.36K","-1.97%"
"08/01/1988","177.80","183.50","184.00","169.30","16.17K","-3.21%"
"07/01/1988","183.70","205.00","205.10","182.80","14.37K","-9.51%"
"06/01/1988","203.00","198.80","210.30","191.50","15.37K","2.22%"
"05/01/1988","198.60","189.50","199.00","175.70","11.63K","4.47%"
"04/01/1988","190.10","187.80","195.70","186.60","12.88K","0.80%"
"03/01/1988","188.60","187.50","192.70","181.50","13.28K","0.59%"
"02/01/1988","187.50","193.60","201.40","187.40","16.11K","-2.14%"
"01/01/1988","191.60","193.20","199.40","177.90","13.83K","-0.67%"
"12/01/1987","192.90","182.00","199.00","180.60","14.68K","5.70%"
"11/01/1987","182.50","181.80","186.30","170.30","12.96K","0.00%"
"10/01/1987","182.50","184.60","190.80","171.60","17.59K","-0.98%"
"09/01/1987","184.30","218.90","218.90","183.60","13.53K","-14.44%"
"08/01/1987","215.40","187.30","219.70","186.50","19.56K","14.57%"
"07/01/1987","188.00","194.40","199.80","182.20","14.67K","-3.49%"
"06/01/1987","194.80","180.90","198.80","180.90","17.80K","7.68%"
"05/01/1987","180.90","184.50","193.70","176.10","10.94K","-2.69%"
"04/01/1987","185.90","189.00","193.90","178.80","20.21K","-3.38%"
"03/01/1987","192.40","204.60","210.10","187.50","17.80K","-5.96%"
"02/01/1987","204.60","189.00","212.30","187.70","20.55K","8.89%"
"01/01/1987","187.90","168.00","199.60","168.00","16.22K","12.45%"
"12/01/1986","167.10","179.50","189.50","166.10","14.71K","-7.32%"
"11/01/1986","180.30","183.70","201.80","168.30","13.95K","-1.42%"
"10/01/1986","182.90","173.20","183.30","163.10","18.28K","6.09%"
"09/01/1986","172.40","185.00","207.90","162.50","18.87K","-7.06%"
"08/01/1986","185.50","155.60","188.50","155.60","19.67K","18.76%"
"07/01/1986","156.20","162.70","169.40","148.60","14.36K","-3.16%"
"06/01/1986","161.30","169.00","181.40","155.10","20.73K","-4.39%"
"05/01/1986","168.70","177.40","189.50","166.10","17.78K","-4.90%"
"04/01/1986","177.40","186.40","196.50","169.00","21.81K","-3.53%"
"03/01/1986","183.90","157.00","201.00","156.50","16.99K","16.61%"
"02/01/1986","157.70","141.10","158.90","136.60","13.56K","11.53%"
"01/01/1986","141.40","146.00","148.70","138.00","10.53K","-3.94%"
"12/01/1985","147.20","145.40","154.00","143.80","13.91K","0.62%"
"11/01/1985","146.30","143.30","149.20","140.00","10.88K","1.39%"
"10/01/1985","144.30","139.40","146.50","133.60","14.97K","3.44%"
"09/01/1985","139.50","135.10","152.00","134.00","13.88K","2.80%"
"08/01/1985","135.70","137.40","139.50","127.80","17.20K","-1.31%"
"07/01/1985","137.50","147.50","175.50","133.50","13.64K","-6.34%"
"06/01/1985","146.80","158.50","163.90","141.20","24.89K","-5.72%"
"05/01/1985","155.70","137.40","165.70","136.10","21.99K","13.32%"
"04/01/1985","137.40","123.20","147.40","122.50","26.38K","10.63%"
"03/01/1985","124.20","137.60","138.90","121.10","20.10K","-9.61%"
"02/01/1985","137.40","151.60","154.30","137.20","23.91K","-10.61%"
"01/01/1985","153.70","154.50","166.50","149.10","26.63K","-1.09%"
"12/01/1984","155.40","155.90","158.40","140.40","26.32K","0.78%"
"11/01/1984","154.20","134.00","158.70","130.00","18.45K","14.82%"
"10/01/1984","134.30","127.80","139.80","124.00","22.60K","4.60%"
"09/01/1984","128.40","120.10","134.50","114.60","22.17K","6.29%"
"08/01/1984","120.80","124.50","144.00","116.40","22.69K","-2.03%"
"07/01/1984","123.30","123.10","129.30","111.70","19.74K","-0.40%"
"06/01/1984","123.80","148.90","150.90","122.30","25.75K","-16.18%"
"05/01/1984","147.70","150.40","159.80","125.10","29.49K","-0.61%"
"04/01/1984","148.60","187.20","188.20","148.20","25.45K","-20.41%"
"03/01/1984","186.70","185.00","201.90","175.50","20.06K","1.52%"
"02/01/1984","183.90","177.40","190.60","171.50","22.92K","4.73%"
"01/01/1984","175.60","164.20","181.60","157.60","18.46K","6.42%"
"12/01/1983","165.00","182.10","184.70","164.10","18.77K","-9.39%"
"11/01/1983","182.10","156.00","183.90","156.00","15.59K","17.03%"
"10/01/1983","155.60","184.30","185.80","155.20","30.05K","-14.51%"
"09/01/1983","182.00","167.00","182.00","145.00","27.27K","9.18%"
"08/01/1983","166.70","197.90","198.00","161.30","28.56K","-16.57%"
"07/01/1983","199.80","219.30","219.70","192.60","22.47K","-8.81%"
"06/01/1983","219.10","244.90","248.40","210.10","27.97K","-11.72%"
"05/01/1983","248.20","193.50","248.50","191.50","24.98K","28.47%"
"04/01/1983","193.20","184.80","193.60","182.70","16.79K","4.66%"
"03/01/1983","184.60","179.00","192.80","165.80","17.48K","3.42%"
"02/01/1983","178.50","193.50","196.30","177.10","24.55K","-8.32%"
"01/01/1983","194.70","168.00","199.40","165.30","21.19K","16.24%"
"12/01/1982","167.50","167.90","170.30","159.40","17.88K","0.36%"
"11/01/1982","166.90","142.00","171.40","141.10","14.90K","18.12%"
"10/01/1982","141.30","133.00","147.30","128.60","17.62K","8.69%"
"09/01/1982","130.00","135.00","137.90","127.60","9.19K","-3.63%"
"08/01/1982","134.90","134.90","138.80","123.70","11.87K","1.97%"
"07/01/1982","132.30","137.40","144.30","131.00","11.64K","-3.57%"
"06/01/1982","137.20","139.30","143.50","129.00","20.59K","-3.92%"
"05/01/1982","142.80","125.50","146.40","115.50","14.78K","12.62%"
"04/01/1982","126.80","143.50","145.20","120.60","15.44K","-10.96%"
"03/01/1982","142.40","134.70","151.90","130.60","15.96K","6.51%"
"02/01/1982","133.70","144.00","146.30","133.60","16.60K","-10.15%"
"01/01/1982","148.80","146.50","164.00","141.10","12.32K","-0.73%"
"12/01/1981","149.90","156.30","160.00","143.30","15.49K","-6.37%"
"11/01/1981","160.10","132.00","162.50","127.30","16.79K","21.84%"
"10/01/1981","131.40","134.60","148.50","125.50","13.40K","-1.43%"
"09/01/1981","133.30","153.20","154.60","130.50","13.26K","-13.10%"
"08/01/1981","153.40","176.40","176.40","148.50","13.33K","-15.44%"
"07/01/1981","181.40","175.70","196.00","173.50","40.45K","3.66%"
"06/01/1981","175.00","189.00","197.60","169.60","58.88K","-6.67%"
"05/01/1981","187.50","177.10","190.30","167.10","51.01K","5.10%"
"04/01/1981","178.40","169.80","190.40","163.20","60.52K","5.19%"
"03/01/1981","169.60","153.50","181.40","144.60","54.30K","9.99%"
"02/01/1981","154.20","180.20","182.50","153.00","45.94K","-14.24%"
"01/01/1981","179.80","160.80","185.60","159.30","57.17K","11.40%"
"12/01/1980","161.40","178.70","180.70","146.00","58.38K","-9.48%"
"11/01/1980","178.30","166.50","191.30","160.00","59.08K","6.32%"
"10/01/1980","167.70","173.70","188.40","161.30","76.98K","-2.90%"
"09/01/1980","172.70","180.50","193.30","168.60","73.66K","-4.11%"
"08/01/1980","180.10","205.00","206.50","178.50","65.74K","-12.15%"
"07/01/1980","205.00","194.50","218.00","185.60","76.30K","4.75%"
"06/01/1980","195.70","195.90","203.00","179.00","68.53K","-0.71%"
"05/01/1980","197.10","157.00","202.80","146.50","80.20K","22.04%"
"04/01/1980","161.50","183.00","183.00","153.10","86.64K","-12.94%"
"03/01/1980","185.50","211.60","217.70","181.50","74.30K","-12.33%"
"02/01/1980","211.60","229.70","236.50","210.80","60.59K","-7.88%"
"01/01/1980","229.70","212.00","243.80","203.10","59.61K","8.61%"
"12/01/1979","211.50","209.00","219.50","207.10","39.98K","1.00%"
"11/01/1979","209.40","226.20","244.00","209.00","63.83K","-7.06%"
"10/01/1979","225.30","255.90","265.00","222.90","71.71K","-12.03%"
"09/01/1979","256.10","272.10","285.20","238.30","56.31K","-7.58%"
"08/01/1979","277.10","259.90","287.30","255.00","62.72K","8.71%"
"07/01/1979","254.90","241.70","256.00","228.20","44.09K","5.29%"
"06/01/1979","242.10","231.60","242.10","222.70","49.82K","4.44%"
"05/01/1979","231.80","225.80","246.00","223.10","46.43K","2.93%"
"04/01/1979","225.20","212.10","231.20","209.40","43.73K","6.33%"
"03/01/1979","211.80","228.20","231.20","209.80","52.52K","-8.51%"
"02/01/1979","231.50","222.70","248.70","222.50","59.90K","4.37%"
"01/01/1979","221.80","234.50","246.00","212.70","60.65K","-5.74%"
"12/01/1978","235.30","213.60","235.70","207.20","55.74K","10.63%"
"11/01/1978","212.70","218.00","224.90","196.20","53.29K","-2.43%"
"10/01/1978","218.00","210.70","239.80","208.70","54.39K","3.81%"
"09/01/1978","210.00","220.60","249.90","206.20","49.44K","-4.59%"
"08/01/1978","220.10","214.70","223.70","208.50","46.13K","2.23%"